SENSOR_ID,FLOOR,SCHOOL_ID
10221,1,11
10234,3,11
10429,3,11
10497,2,11
10531,3,11
10542,2,11
10546,2,11
10597,2,11
10611,0,11
10636,1,11
10647,2,11
10660,3,11
10661,1,11
10687,2,11
10725,0,11
10783,2,11
10784,2,11
10785,1,11
10806,3,11
10813,2,11
14237,1,11
14277,2,11
14663,8,11
10193,2,93
10361,2,93
10419,1,93
10559,2,93
10603,2,93
10608,1,93
10628,1,93
10641,1,93
14536,1,93
15089,1,93
11279,1,122
11494,1,122
11762,1,122
12216,1,122
12405,1,122
12448,1,122
12884,2,122
12908,2,122
13366,1,122
13676,2,122
13761,2,122
13798,1,122
13800,0,122
13864,2,122
13867,1,122
13880,2,122
13881,2,122
15076,1,122
15172,1,122
13053,1,40
13116,3,40
13356,1,40
13472,1,40
13509,1,40
13526,3,40
13538,1,40
13555,0,40
13628,3,40
13636,3,40
13660,1,40
13662,2,40
13681,3,40
13710,1,40
13774,2,40
14166,1,40
14709,8,40
12789,2,62
13064,0,62
13768,1,62
13841,1,62
13851,1,62
13853,2,62
13898,1,62
13908,1,62
13915,2,62
13936,1,62
13942,2,62
13948,1,62
13959,2,62
14141,2,62
14301,1,62
14872,8,62
15147,2,62
14082,2,118
14100,0,118
14101,1,118
14156,1,118
14160,0,118
14167,2,118
14209,1,118
14221,1,118
14233,1,118
14234,1,118
14244,2,118
14259,1,118
14263,1,118
14269,1,118
14283,2,118
14412,2,118
14475,2,118
14769,1,118
14772,2,118
14870,8,118
15151,2,118
15152,1,118
15171,2,118
15175,2,118
10658,2,48
11810,4,48
12250,0,48
12630,3,48
12811,1,48
12913,4,48
12921,5,48
12927,4,48
12937,2,48
12948,3,48
13164,2,48
13188,3,48
13204,5,48
13211,2,48
13233,1,48
13236,1,48
13316,3,48
13317,4,48
13319,2,48
13330,3,48
13336,3,48
13337,1,48
13339,1,48
13363,3,48
13365,1,48
13370,3,48
13400,4,48
13445,3,48
13452,2,48
13462,3,48
13465,0,48
13466,1,48
13468,0,48
13471,3,48
13477,4,48
13478,1,48
13484,0,48
13485,1,48
13487,4,48
13489,0,48
13490,0,48
13491,0,48
13504,1,48
13506,3,48
13507,0,48
13530,4,48
13576,2,48
13663,1,48
13667,4,48
13670,3,48
13672,1,48
14236,2,48
14541,2,48
14875,8,48
13961,3,25
13979,1,25
13991,1,25
13999,1,25
14017,3,25
14018,2,25
14020,2,25
14021,3,25
14033,2,25
14043,2,25
14050,2,25
14057,1,25
14117,1,25
14522,8,25
15053,1,25
10200,1,68
10333,2,68
10512,1,68
11390,0,68
11519,0,68
11794,0,68
11802,2,68
12053,2,68
12192,1,68
12342,2,68
12343,1,68
12349,0,68
12350,2,68
12354,1,68
12361,1,68
12371,1,68
12407,2,68
12408,1,68
12425,2,68
12439,1,68
12505,2,68
12532,2,68
12555,2,68
12598,2,68
12640,2,68
12669,2,68
12672,0,68
12687,2,68
12706,2,68
12718,0,68
14309,2,68
14970,8,68
11469,0,13
11547,0,13
11609,1,13
13358,0,13
14421,0,13
15180,0,13
10254,2,115
10482,2,115
10844,2,115
11636,0,115
11637,0,115
11691,2,115
11903,0,115
12050,2,115
12085,0,115
12154,2,115
12406,1,115
12451,2,115
12542,2,115
12591,2,115
12649,2,115
12651,2,115
12756,0,115
12764,0,115
12792,2,115
12941,2,115
13038,1,115
13075,0,115
13101,1,115
13290,1,115
13380,2,115
13435,0,115
13446,0,115
13453,2,115
13493,1,115
13536,1,115
13545,0,115
13561,2,115
13572,1,115
13588,2,115
13618,0,115
13735,2,115
13759,1,115
13780,1,115
13783,2,115
13784,1,115
13791,0,115
13799,2,115
13804,1,115
13806,2,115
13828,1,115
13832,1,115
13835,0,115
13840,1,115
13852,1,115
13861,1,115
13868,0,115
13872,2,115
13874,2,115
13875,2,115
13877,1,115
13879,2,115
13883,1,115
13884,1,115
13890,1,115
13895,1,115
13896,1,115
13902,1,115
13904,1,115
13906,0,115
13919,0,115
13924,0,115
13930,0,115
13933,0,115
13934,0,115
13937,0,115
13941,0,115
13973,2,115
14109,2,115
14115,0,115
14200,1,115
14533,1,115
14758,1,115
15090,8,115
11275,1,91
11743,1,91
12011,2,91
12189,2,91
12249,2,91
12255,2,91
12256,2,91
12259,2,91
12262,2,91
12330,2,91
12374,2,91
12385,2,91
12390,2,91
12400,2,91
12457,0,91
12462,1,91
12467,0,91
12472,1,91
12511,0,91
12512,0,91
12525,1,91
12536,0,91
12546,1,91
12594,1,91
14448,0,91
14953,8,91
15054,1,91
10350,1,84
10871,1,84
11386,0,84
11621,2,84
11786,1,84
12171,0,84
13541,1,84
13696,2,84
13697,2,84
13698,1,84
13699,2,84
13702,2,84
13703,3,84
13705,3,84
13707,2,84
13708,2,84
13716,3,84
13718,1,84
13722,2,84
13725,2,84
13728,1,84
13736,0,84
13737,1,84
13741,2,84
13742,3,84
13745,1,84
13749,1,84
13751,2,84
13755,0,84
13764,1,84
13785,3,84
13824,3,84
13845,3,84
13847,1,84
13849,2,84
13859,0,84
13878,0,84
14083,1,84
14365,2,84
14479,8,84
14702,1,84
10397,2,74
11355,0,74
11372,0,74
11568,2,74
11861,0,74
11968,2,74
12097,1,74
12177,2,74
12183,2,74
12187,2,74
12191,1,74
12193,2,74
12212,1,74
12252,1,74
12260,1,74
12291,2,74
12302,1,74
12305,1,74
12314,0,74
12325,1,74
12326,0,74
12359,2,74
12413,1,74
12515,2,74
12520,2,74
12522,1,74
12597,0,74
12614,0,74
14119,1,74
14544,1,74
14903,8,74
15179,2,74
10263,3,36
10728,2,36
10730,0,36
10747,2,36
10765,2,36
10818,0,36
10858,2,36
10877,3,36
10887,3,36
10901,3,36
10936,2,36
10938,3,36
10944,3,36
10949,3,36
10955,3,36
10956,3,36
10958,2,36
10993,3,36
10996,1,36
10997,2,36
11000,3,36
11012,3,36
11014,3,36
11029,3,36
11034,3,36
11035,2,36
11037,3,36
11042,3,36
11055,2,36
11080,2,36
11087,3,36
11131,1,36
11136,1,36
11142,2,36
11174,3,36
11223,3,36
11242,3,36
11299,1,36
11306,2,36
11320,2,36
11331,2,36
11336,3,36
11341,2,36
11350,1,36
11356,3,36
11357,3,36
11383,2,36
11396,3,36
11440,2,36
11441,2,36
11443,3,36
11444,1,36
11447,1,36
11451,3,36
11454,2,36
11455,2,36
11457,1,36
11461,2,36
11462,2,36
11463,1,36
11466,2,36
11473,3,36
11475,2,36
11480,3,36
11482,2,36
11514,2,36
11515,2,36
11521,1,36
11531,2,36
11552,3,36
11558,3,36
11560,3,36
11562,2,36
11564,1,36
11569,2,36
11575,1,36
11578,2,36
11703,0,36
14381,3,36
14509,2,36
14735,3,36
14940,8,36
15071,1,36
15148,0,36
15177,1,36
11360,3,80
12195,3,80
12345,1,80
12553,0,80
12596,3,80
12611,2,80
12695,0,80
12837,3,80
12842,3,80
12934,1,80
13107,3,80
13126,2,80
13135,3,80
13154,2,80
13157,0,80
13182,0,80
13190,1,80
13206,0,80
13215,3,80
13225,1,80
13232,3,80
13240,1,80
13241,1,80
13272,3,80
13274,3,80
13275,3,80
13281,1,80
13292,5,80
13302,3,80
13303,5,80
13311,1,80
13313,1,80
13323,3,80
13326,2,80
13329,5,80
13355,0,80
13364,3,80
13374,1,80
13378,2,80
13383,3,80
13384,2,80
13385,2,80
13396,3,80
13397,2,80
13398,3,80
13401,2,80
13406,3,80
13407,2,80
13408,2,80
13409,2,80
13410,2,80
13411,1,80
13413,3,80
13414,3,80
13417,3,80
13436,1,80
13440,5,80
13448,0,80
13450,1,80
13455,1,80
13467,0,80
13483,0,80
13486,2,80
13494,1,80
13502,1,80
13503,1,80
13508,1,80
13520,1,80
13539,2,80
13543,2,80
13550,2,80
13566,3,80
13580,2,80
13581,3,80
13583,2,80
13591,1,80
13593,2,80
13599,0,80
13601,2,80
13603,2,80
13606,0,80
13608,3,80
13610,3,80
13616,0,80
13619,1,80
13623,2,80
13625,3,80
13626,2,80
13632,0,80
13635,3,80
13637,2,80
13638,2,80
13640,2,80
13644,1,80
13646,0,80
13647,2,80
13655,2,80
13656,2,80
13659,3,80
13668,2,80
13671,1,80
13673,3,80
13680,1,80
13683,0,80
13684,0,80
13687,5,80
13693,0,80
13694,4,80
14310,1,80
14665,1,80
14939,5,80
13527,2,17
13652,2,17
13729,0,17
13778,0,17
13860,0,17
13892,2,17
13983,1,17
13986,2,17
13998,2,17
14026,1,17
14041,1,17
14042,1,17
14045,1,17
14048,1,17
14051,1,17
14076,1,17
14122,1,17
14296,1,17
14677,1,17
14710,8,17
10190,2,88
10191,2,88
10295,0,88
10303,2,88
10304,1,88
10309,1,88
10311,2,88
10326,1,88
10343,2,88
10359,1,88
10360,1,88
10405,0,88
10417,2,88
10421,0,88
10422,1,88
10423,1,88
14247,1,88
14276,2,88
14673,8,88
14744,2,88
15047,2,88
10375,3,54
10513,3,54
12694,2,54
12736,3,54
12783,3,54
12815,3,54
12933,2,54
12947,1,54
12953,3,54
12989,3,54
13010,3,54
13057,2,54
13084,3,54
13096,3,54
13097,2,54
13108,3,54
13112,2,54
13145,3,54
13146,1,54
13151,3,54
13170,1,54
13218,1,54
13264,1,54
13266,3,54
13282,3,54
13284,3,54
13293,2,54
13294,2,54
13295,3,54
13305,1,54
13307,3,54
13325,1,54
13346,1,54
13359,1,54
13375,3,54
13388,2,54
13500,1,54
13535,2,54
13554,3,54
13559,2,54
13562,1,54
13563,1,54
13571,2,54
13577,1,54
13604,1,54
13613,2,54
13641,1,54
13653,1,54
13657,2,54
13679,2,54
13685,2,54
13688,1,54
13690,2,54
14116,2,54
14534,8,54
14857,2,54
10271,3,21
10592,2,21
10692,2,21
10897,2,21
10957,4,21
10980,2,21
10981,4,21
10985,2,21
10989,2,21
10990,3,21
10998,4,21
11018,3,21
11052,3,21
11078,3,21
11079,4,21
11084,4,21
11089,3,21
11106,2,21
11110,2,21
11111,1,21
11114,2,21
11116,3,21
11123,3,21
11124,2,21
11141,2,21
11144,3,21
11146,3,21
11147,3,21
11148,3,21
11153,2,21
11157,3,21
11161,2,21
11173,3,21
11227,2,21
11264,4,21
11266,4,21
11276,4,21
11281,4,21
11287,4,21
11288,4,21
11294,3,21
11300,1,21
11301,4,21
11307,4,21
11311,1,21
11314,1,21
11316,1,21
11321,4,21
11326,4,21
11327,4,21
11387,3,21
11391,3,21
11922,2,21
14500,8,21
14764,1,21
10846,2,77
11268,2,77
11472,2,77
11491,0,77
11541,2,77
11594,1,77
11615,1,77
11717,2,77
11733,1,77
11735,2,77
11742,2,77
11831,2,77
11832,1,77
11833,1,77
11835,1,77
11836,1,77
11849,0,77
11869,2,77
11870,0,77
11897,1,77
14685,8,77
14697,1,77
14756,1,77
10218,2,64
10227,5,64
10228,4,64
10237,0,64
10239,5,64
10277,4,64
10292,2,64
10293,4,64
10341,4,64
10355,5,64
10444,2,64
10457,4,64
10463,4,64
10470,5,64
10475,5,64
10516,4,64
10539,2,64
10541,4,64
10551,1,64
10552,2,64
10556,2,64
10557,2,64
10568,4,64
10569,3,64
10584,5,64
10585,5,64
10586,2,64
10587,5,64
10589,3,64
10606,5,64
10643,4,64
10657,3,64
10669,2,64
10673,4,64
10674,4,64
10675,2,64
10676,4,64
10678,4,64
10679,5,64
10681,5,64
10685,5,64
10688,1,64
10690,4,64
10701,4,64
10702,4,64
10706,4,64
10711,3,64
10723,5,64
10748,5,64
10749,5,64
10750,5,64
10754,3,64
10758,3,64
10759,0,64
10774,5,64
10780,4,64
10787,5,64
10789,2,64
10796,3,64
10805,5,64
10808,5,64
10810,4,64
10815,4,64
10892,4,64
10894,3,64
10900,4,64
10907,2,64
10922,4,64
14087,1,64
14945,8,64
15083,1,64
10451,1,60
10859,1,60
11770,2,60
12039,2,60
12120,2,60
12642,0,60
12693,1,60
12745,2,60
12787,2,60
12859,1,60
12874,2,60
12896,1,60
12957,1,60
12962,2,60
13011,1,60
13050,2,60
13063,2,60
13142,1,60
14181,1,60
14336,1,60
14480,0,60
14786,8,60
12653,3,19
12721,1,19
12771,3,19
12790,2,19
12798,2,19
12801,2,19
12804,1,19
12822,2,19
12825,2,19
12931,1,19
12988,3,19
13310,2,19
14661,1,19
14896,8,19
13981,0,67
13982,2,67
13985,2,67
14001,2,67
14030,2,67
14052,2,67
14059,2,67
14063,1,67
14065,2,67
14705,2,67
10337,2,86
11747,2,86
11873,3,86
12270,1,86
12410,3,86
12459,2,86
12533,1,86
12534,3,86
12588,2,86
12606,2,86
12617,3,86
12701,1,86
12704,3,86
12707,0,86
12708,0,86
12709,3,86
12710,3,86
12716,3,86
12725,3,86
12727,1,86
12799,2,86
12820,2,86
12823,1,86
14490,2,86
14503,1,86
14519,2,86
14746,2,86
14950,8,86
15052,1,86
15190,2,86
10233,2,12
10252,3,12
10262,2,12
10264,1,12
10274,1,12
10491,1,12
10540,3,12
10564,3,12
10729,2,12
10744,1,12
10753,2,12
10807,3,12
10816,1,12
10837,2,12
10857,3,12
10861,3,12
10940,3,12
10945,3,12
10963,1,12
10994,1,12
11023,2,12
11057,2,12
11069,2,12
11259,3,12
11280,2,12
11346,1,12
11349,1,12
11359,3,12
11389,1,12
11448,3,12
11456,3,12
11474,3,12
11477,1,12
11490,2,12
11492,1,12
11496,3,12
11498,2,12
11499,1,12
11507,2,12
11510,2,12
11512,1,12
11522,3,12
11535,1,12
11536,2,12
11559,2,12
11566,2,12
11572,3,12
11577,2,12
11588,3,12
11598,1,12
11632,1,12
11639,1,12
11641,2,12
11644,1,12
11651,1,12
11665,3,12
11669,2,12
11672,3,12
14693,1,12
14778,8,12
14796,1,12
15181,1,12
10766,2,97
14073,0,97
14161,1,97
14163,1,97
14182,1,97
14185,1,97
14240,2,97
14262,2,97
14282,0,97
14297,2,97
14311,1,97
14370,1,97
14469,2,97
14794,1,97
14902,8,97
15153,0,97
15178,1,97
10596,1,103
10831,2,103
11313,2,103
11332,2,103
11611,2,103
11662,1,103
11677,2,103
11712,1,103
11722,1,103
11725,1,103
11753,2,103
11758,2,103
11767,2,103
11771,1,103
11892,2,103
11893,1,103
11898,2,103
14708,8,103
15144,1,103
10722,0,30
10829,2,30
10842,2,30
10874,2,30
10937,2,30
10969,1,30
11272,2,30
11291,2,30
11358,2,30
11464,0,30
11502,2,30
11527,2,30
11589,2,30
11604,1,30
11614,2,30
11655,0,30
11661,2,30
11666,2,30
11670,2,30
11706,0,30
11707,2,30
11716,1,30
11734,0,30
11755,2,30
11768,2,30
11773,0,30
11776,0,30
11780,2,30
11788,2,30
11789,1,30
11804,0,30
11809,1,30
11814,0,30
11821,2,30
11825,1,30
11828,1,30
11837,1,30
11840,1,30
11846,1,30
11851,1,30
11855,1,30
11858,1,30
11862,2,30
11875,1,30
11894,2,30
12006,1,30
12010,1,30
12023,1,30
12025,1,30
12026,0,30
12034,0,30
14349,1,30
14929,8,30
15063,0,30
15170,1,30
11648,2,107
11688,1,107
11692,4,107
11697,2,107
11701,4,107
11847,4,107
11928,2,107
11931,3,107
11938,1,107
11939,1,107
11941,3,107
11943,2,107
11947,4,107
11948,4,107
11950,3,107
11963,4,107
11966,2,107
11995,3,107
12002,1,107
12004,3,107
12015,4,107
12041,3,107
12042,3,107
12048,3,107
12051,2,107
12052,3,107
12054,4,107
12061,1,107
12062,2,107
12063,4,107
12065,3,107
12071,2,107
12075,4,107
12081,4,107
12083,3,107
12128,1,107
12138,2,107
12365,3,107
14484,1,107
14790,8,107
15051,2,107
10229,1,10
10268,1,10
10270,1,10
10272,2,10
10276,2,10
10442,1,10
10581,2,10
10598,2,10
10624,2,10
10743,1,10
10768,2,10
10835,2,10
10882,2,10
10888,2,10
10890,1,10
10973,2,10
11064,2,10
11065,1,10
11067,1,10
11083,2,10
11098,2,10
11101,2,10
11103,1,10
11111,1,10
11134,1,10
11159,2,10
11160,2,10
11171,1,10
11172,2,10
11176,1,10
11225,2,10
11261,2,10
11277,2,10
11295,1,10
11365,2,10
14506,1,10
14689,2,10
14788,8,10
10547,3,73
10788,3,73
10899,2,73
11337,1,73
11485,2,73
12179,3,73
12287,2,73
12300,2,73
12334,2,73
12348,1,73
12463,3,73
12668,2,73
12674,3,73
12682,3,73
12813,2,73
12816,1,73
12865,3,73
13891,1,73
13944,1,73
14003,1,73
14004,1,73
14674,8,73
14687,1,73
15078,2,73
10197,3,35
10412,1,35
10430,2,35
10438,3,35
10543,3,35
10549,1,35
10550,2,35
10561,3,35
10566,2,35
10618,1,35
10621,1,35
10632,2,35
10642,2,35
14326,8,35
15032,1,35
15084,1,35
10206,2,42
10207,0,42
10208,2,42
10209,1,42
10212,1,42
10213,3,42
10305,0,42
10323,0,42
10330,3,42
10340,0,42
10347,3,42
10365,3,42
10368,0,42
10369,0,42
10372,3,42
10373,2,42
10377,0,42
10379,3,42
10381,0,42
10382,2,42
10384,2,42
10391,0,42
10398,2,42
10403,3,42
10416,2,42
10420,0,42
10441,3,42
10445,1,42
10447,2,42
10448,1,42
10452,3,42
10454,2,42
10458,3,42
10461,1,42
10465,2,42
10467,1,42
10468,2,42
10469,2,42
10472,2,42
10474,1,42
10476,2,42
10477,2,42
10478,3,42
10479,3,42
10481,1,42
10485,3,42
10487,2,42
10488,1,42
10489,1,42
10492,2,42
10495,3,42
10496,3,42
10498,3,42
10500,3,42
10502,3,42
10503,2,42
10504,1,42
10506,2,42
10508,1,42
10509,2,42
10511,1,42
10514,3,42
10515,3,42
10518,3,42
10519,2,42
10520,3,42
10521,2,42
10522,3,42
10523,3,42
10532,3,42
10533,0,42
10534,3,42
10538,3,42
14175,1,42
14368,2,42
14507,8,42
12812,3,43
13132,3,43
13153,2,43
13156,2,43
13269,3,43
13296,2,43
13297,1,43
13306,3,43
13318,1,43
13332,1,43
13439,1,43
13517,3,43
13544,3,43
13582,3,43
13678,2,43
13706,2,43
13713,3,43
13715,3,43
13719,3,43
13720,2,43
13721,2,43
13723,2,43
13724,1,43
13726,3,43
13727,2,43
13730,2,43
13734,1,43
13743,3,43
13746,2,43
13747,3,43
13750,2,43
13754,1,43
13763,3,43
13767,2,43
13770,3,43
13771,2,43
13772,2,43
13775,3,43
13776,3,43
13787,3,43
13789,1,43
13790,3,43
13792,2,43
13817,2,43
13823,3,43
13826,1,43
13830,3,43
13831,1,43
13834,3,43
13844,2,43
13846,3,43
14417,8,43
10226,3,112
10238,2,112
10240,3,112
10251,2,112
10408,3,112
10460,2,112
10499,3,112
10517,0,112
10548,3,112
10565,4,112
10583,2,112
10593,2,112
10600,4,112
10623,0,112
10634,4,112
10670,2,112
10693,3,112
10698,2,112
10724,4,112
10742,2,112
10794,3,112
10795,1,112
13523,4,112
14901,8,112
14990,3,112
15064,1,112
15142,4,112
10224,2,65
10246,2,65
10250,3,65
10280,1,65
10346,2,65
10464,1,65
10490,3,65
10590,1,65
10612,3,65
10697,1,65
10703,1,65
10771,3,65
10781,1,65
10862,2,65
10873,2,65
10917,3,65
10920,2,65
10924,3,65
14191,1,65
14864,8,65
15077,2,65
10236,1,55
10242,3,55
10244,2,55
10245,2,55
10613,2,55
10630,3,55
10668,3,55
10719,2,55
10737,2,55
10779,3,55
10817,3,55
10825,3,55
10851,2,55
10865,3,55
10891,2,55
10911,2,55
10912,3,55
10914,2,55
10915,2,55
10921,3,55
10925,1,55
14088,1,55
14844,1,55
11686,2,28
11690,1,28
11698,1,28
11911,1,28
11923,2,28
11926,1,28
11929,1,28
11944,1,28
11946,2,28
11953,2,28
11957,1,28
11960,0,28
12049,2,28
12055,1,28
12057,0,28
12059,2,28
12064,1,28
12068,2,28
12069,1,28
12070,0,28
12076,2,28
12077,2,28
13786,2,28
14494,1,28
14512,1,28
14771,0,28
14879,8,28
11282,1,70
11497,2,70
11550,2,70
11684,2,70
11730,1,70
12659,1,70
12777,1,70
13012,2,70
13069,2,70
13085,2,70
13089,1,70
13130,1,70
14765,1,70
14944,8,70
15044,1,70
13850,4,124
13910,5,124
13964,3,124
13969,3,124
14011,3,124
14034,5,124
14044,4,124
14079,5,124
14089,2,124
14106,5,124
14110,4,124
14134,4,124
14137,4,124
14144,5,124
14147,5,124
14148,4,124
14158,1,124
14164,3,124
14177,4,124
14188,5,124
14190,3,124
14192,4,124
14194,5,124
14198,4,124
14202,4,124
14204,4,124
14207,5,124
14213,4,124
14216,1,124
14220,4,124
14226,3,124
14235,3,124
14245,2,124
14288,3,124
14294,2,124
14334,5,124
14338,5,124
14340,5,124
14343,2,124
14346,5,124
14352,3,124
14359,4,124
14367,4,124
14372,5,124
14384,5,124
14385,1,124
14388,5,124
14403,5,124
14427,1,124
14429,5,124
14442,4,124
14446,4,124
14447,5,124
14452,5,124
14459,4,124
14471,4,124
14472,3,124
14474,4,124
15000,1,124
11520,2,53
12626,2,53
12689,2,53
12720,1,53
12722,2,53
12724,0,53
12733,2,53
12734,1,53
12791,1,53
12807,2,53
12817,0,53
12821,0,53
12826,1,53
12929,1,53
12961,1,53
14196,1,53
14313,1,53
15189,2,53
10560,1,85
10645,1,85
12100,2,85
12137,2,85
12355,3,85
12485,2,85
12557,2,85
12602,3,85
12621,2,85
12629,3,85
12658,1,85
12667,1,85
12748,3,85
12773,2,85
12776,3,85
12814,2,85
12827,2,85
12841,3,85
12853,3,85
12886,1,85
12891,1,85
12892,1,85
12893,3,85
12911,3,85
12926,2,85
12942,3,85
12949,1,85
12959,2,85
12968,2,85
12979,1,85
12983,0,85
13001,3,85
13007,3,85
13045,2,85
13052,0,85
13055,0,85
13071,3,85
13082,0,85
13158,3,85
13173,1,85
13185,1,85
13216,2,85
13217,0,85
13228,2,85
13248,3,85
13361,3,85
13495,1,85
13498,1,85
14745,1,85
14855,2,85
10574,0,31
12565,1,31
12830,2,31
12899,2,31
12936,3,31
12944,2,31
13098,3,31
13140,0,31
13175,2,31
13213,3,31
13231,3,31
13238,2,31
13242,3,31
13263,2,31
13277,1,31
13312,3,31
13351,2,31
13360,1,31
13372,1,31
13415,1,31
13447,3,31
13456,1,31
13511,1,31
13512,1,31
13519,3,31
13546,3,31
13569,3,31
13594,3,31
13643,2,31
13649,1,31
13654,3,31
13658,3,31
14328,1,31
14781,8,31
13120,3,41
13159,1,41
13210,2,41
13299,2,41
13391,3,41
13469,1,41
13516,2,41
13537,2,41
13549,3,41
13558,3,41
13560,1,41
13586,1,41
13598,3,41
13700,2,41
13712,1,41
13807,1,41
13808,3,41
13812,2,41
13815,2,41
13820,3,41
13822,2,41
13833,3,41
13866,2,41
14468,1,41
14759,1,41
14932,8,41
11932,1,125
12211,1,125
12453,1,125
14203,1,125
14325,1,125
14501,1,125
14704,1,125
14942,1,125
15002,1,125
15195,1,125
10232,1,24
10235,1,24
10259,2,24
10734,1,24
10740,0,24
10746,1,24
10821,2,24
10966,2,24
10978,1,24
11026,0,24
11036,2,24
11038,0,24
11130,1,24
11228,2,24
11230,1,24
11289,1,24
11305,2,24
11343,1,24
11351,1,24
11378,2,24
11445,2,24
11511,2,24
11546,2,24
11580,1,24
11582,1,24
11583,1,24
11587,2,24
11629,1,24
14530,2,24
14997,8,24
11659,2,63
11785,2,63
11813,1,63
11854,1,63
11856,1,63
11859,1,63
11871,2,63
11872,1,63
11877,1,63
11887,1,63
12021,2,63
12024,2,63
12029,2,63
14527,1,63
14774,1,63
14876,8,63
10178,1,75
10188,1,75
10279,2,75
10282,0,75
10284,0,75
10285,3,75
10286,0,75
10287,0,75
10290,0,75
10314,1,75
10321,1,75
10339,0,75
10351,1,75
10394,0,75
10401,0,75
10402,1,75
10404,1,75
10409,1,75
14467,0,75
14511,1,75
14860,8,75
11315,1,96
11737,1,96
12327,2,96
12331,1,96
12412,2,96
12458,1,96
12460,2,96
12461,2,96
12508,2,96
12519,1,96
12538,2,96
12589,2,96
14031,0,96
14341,2,96
15198,1,96
10536,1,111
10863,1,111
11493,1,111
12117,1,111
12166,1,111
12227,1,111
12731,1,111
12739,1,111
12740,1,111
12839,1,111
12846,1,111
12885,1,111
12890,1,111
12894,1,111
12897,1,111
12922,1,111
12924,1,111
12928,1,111
12943,1,111
12951,1,111
13189,1,111
13200,1,111
13244,1,111
13245,1,111
13250,1,111
14460,1,111
14747,1,111
14962,8,111
10248,3,45
10358,2,45
10501,4,45
10666,1,45
10667,3,45
10680,4,45
10707,3,45
10708,3,45
10709,3,45
10712,4,45
10715,4,45
10716,2,45
10718,2,45
10726,3,45
10752,4,45
10762,2,45
10782,3,45
10830,1,45
10872,4,45
10878,1,45
10879,2,45
10881,4,45
10884,3,45
10889,2,45
10893,2,45
10895,2,45
10904,4,45
10926,1,45
14295,3,45
11689,3,27
11705,2,27
11808,2,27
11924,1,27
11955,3,27
12043,3,27
12058,2,27
12080,2,27
12084,3,27
14206,1,27
14215,1,27
14219,1,27
14251,1,27
12268,1,46
12346,1,46
12414,1,46
12456,1,46
12673,1,46
12754,1,46
12800,1,46
12819,1,46
12824,1,46
15085,1,46
11273,2,104
11284,3,104
11344,3,104
11397,2,104
11633,3,104
11764,3,104
11940,1,104
12181,1,104
12196,2,104
12206,1,104
12254,2,104
12258,2,104
12263,2,104
12265,2,104
12267,1,104
12269,2,104
12274,3,104
12372,2,104
12375,1,104
12382,2,104
12388,2,104
12393,1,104
12395,1,104
12397,1,104
12402,1,104
12440,3,104
12441,3,104
12444,2,104
12445,3,104
12471,3,104
12486,3,104
12492,2,104
12496,3,104
12510,3,104
12516,3,104
12518,2,104
12535,2,104
12539,3,104
12571,3,104
12574,3,104
12584,3,104
12605,3,104
14738,2,104
15073,2,104
11687,3,120
12768,4,120
13229,3,120
13247,3,120
13738,4,120
13753,4,120
13779,3,120
13781,3,120
13795,3,120
13819,1,120
13836,4,120
13865,3,120
13913,4,120
13914,3,120
13918,4,120
13920,4,120
13921,3,120
13928,4,120
13952,3,120
13962,4,120
13968,3,120
13972,3,120
13976,3,120
13987,3,120
13994,4,120
13997,4,120
14000,4,120
14007,1,120
14013,3,120
14019,4,120
14025,3,120
14049,3,120
14056,3,120
14062,3,120
14071,4,120
14146,4,120
14330,1,120
14839,4,120
10220,2,4
11323,2,4
11816,1,4
11866,2,4
11916,1,4
12175,2,4
12215,2,4
12313,2,4
12399,2,4
12401,1,4
12415,2,4
12416,1,4
12433,2,4
12473,1,4
12501,0,4
12529,0,4
12580,1,4
12585,2,4
12600,2,4
12609,1,4
13691,0,4
14068,1,4
14943,8,4
15155,2,4
14090,1,5
14217,0,5
14254,2,5
14275,1,5
14302,1,5
14348,0,5
14351,0,5
14358,0,5
14360,1,5
14362,1,5
14366,0,5
14441,2,5
14451,2,5
14478,2,5
14767,2,5
14859,1,5
14877,8,5
15080,1,5
15158,1,5
15164,1,5
10443,1,29
10727,1,29
10731,2,29
10735,0,29
10738,1,29
10739,1,29
10757,2,29
10820,2,29
10833,1,29
10845,1,29
10869,2,29
10932,1,29
11140,1,29
11167,2,29
11248,1,29
11354,1,29
11385,1,29
11460,2,29
11481,1,29
11517,2,29
11581,2,29
14029,1,29
14690,8,29
15088,1,29
11324,2,47
11471,1,47
11592,1,47
11608,1,47
11622,2,47
11834,1,47
12504,2,47
12679,2,47
12714,1,47
13977,2,47
14124,0,47
14483,1,47
14497,8,47
14551,1,47
14955,1,47
15167,2,47
10296,4,66
10555,3,66
10659,4,66
10721,3,66
10786,3,66
10811,3,66
11009,4,66
12483,3,66
12636,1,66
12780,3,66
12868,3,66
12916,3,66
12994,3,66
13002,3,66
13095,3,66
13115,4,66
13118,4,66
13127,4,66
13141,4,66
13155,3,66
13171,2,66
13199,3,66
13202,3,66
13207,4,66
13209,4,66
13219,4,66
13220,1,66
13251,4,66
13256,4,66
13261,2,66
13265,3,66
13267,1,66
13268,2,66
13271,2,66
13279,1,66
13286,4,66
13308,4,66
13328,4,66
13333,4,66
13334,4,66
13335,4,66
13338,1,66
13341,3,66
13345,3,66
13367,3,66
13373,3,66
13379,2,66
13382,2,66
13386,2,66
13389,4,66
13394,1,66
13419,4,66
13421,4,66
13427,3,66
13429,2,66
13430,3,66
13432,3,66
13434,3,66
13438,2,66
13441,2,66
13444,1,66
13449,4,66
13454,4,66
13460,4,66
13497,3,66
13505,4,66
13510,4,66
13528,4,66
13534,3,66
13540,4,66
13542,2,66
13547,3,66
13548,3,66
13551,3,66
13552,2,66
13556,4,66
13578,4,66
13579,4,66
13584,2,66
13590,2,66
13592,1,66
13597,2,66
13600,3,66
13624,1,66
13629,2,66
13631,2,66
13642,1,66
13665,2,66
13669,4,66
13692,2,66
13695,4,66
14274,1,66
14457,1,66
12877,2,59
12969,1,59
13061,2,59
13074,1,59
13102,2,59
13122,1,59
13246,1,59
13262,1,59
13276,2,59
13278,1,59
13331,1,59
13362,1,59
13416,2,59
13482,1,59
13529,2,59
13611,1,59
13614,1,59
14287,1,59
10953,2,79
11270,2,79
11352,2,79
11723,3,79
11962,3,79
12124,2,79
12306,2,79
12356,2,79
12370,2,79
12526,2,79
12579,2,79
12613,1,79
12632,2,79
12786,2,79
12794,2,79
12843,2,79
12914,2,79
13051,2,79
13070,2,79
13072,2,79
13144,3,79
13149,2,79
13160,3,79
13163,2,79
13181,2,79
13187,2,79
13192,2,79
13194,2,79
13223,2,79
13260,2,79
13353,2,79
14678,2,79
14712,0,79
14863,8,79
10230,2,52
10265,1,52
10609,2,52
10651,2,52
10704,2,52
10714,1,52
10736,1,52
10767,2,52
10819,2,52
10828,2,52
10880,2,52
10903,1,52
10906,1,52
10913,1,52
10960,2,52
10965,1,52
10967,1,52
10968,1,52
10975,1,52
10977,2,52
10988,1,52
11050,1,52
11058,2,52
11060,2,52
11072,2,52
11090,1,52
11096,2,52
11097,1,52
11104,1,52
11120,2,52
11121,1,52
11128,1,52
11135,1,52
11138,1,52
11152,1,52
11155,1,52
11162,1,52
11163,1,52
11164,2,52
11166,2,52
11169,1,52
11236,2,52
11253,1,52
11262,2,52
11303,2,52
11330,1,52
14498,8,52
14508,1,52
15086,1,52
10530,3,117
12680,3,117
12960,1,117
14923,1,117
14933,1,117
14980,1,117
15024,1,117
15079,2,117
11333,1,119
12713,0,119
12831,2,119
12932,2,119
13174,1,119
13321,2,119
13348,0,119
13350,2,119
13371,0,119
13473,1,119
13501,1,119
13574,1,119
13617,1,119
14345,1,119
11133,1,16
11542,1,16
11782,2,16
11793,1,16
11951,1,16
11959,1,16
12494,2,16
12572,2,16
12700,1,16
12735,2,16
12755,1,16
12769,2,16
12781,1,16
12871,2,16
12920,2,16
12997,2,16
13037,2,16
13054,2,16
13150,1,16
13152,2,16
13191,1,16
13193,1,16
13214,2,16
13222,2,16
13227,1,16
14248,1,16
14853,1,16
14952,8,16
10187,1,71
10189,1,71
10278,1,71
10291,1,71
10294,0,71
10297,1,71
10345,2,71
10357,1,71
10383,2,71
10392,2,71
10400,0,71
10449,2,71
10450,2,71
10453,1,71
10455,0,71
10456,1,71
10459,2,71
11177,2,71
14228,1,71
14666,8,71
14959,0,71
15160,1,71
10222,2,95
10411,1,95
10505,0,95
11678,2,95
11791,1,95
12176,1,95
12178,2,95
12182,2,95
12184,0,95
12186,0,95
12436,2,95
12437,2,95
12438,2,95
12454,2,95
12455,1,95
12513,1,95
12531,0,95
12541,2,95
12616,1,95
12633,1,95
12647,1,95
13803,1,95
14438,1,95
14703,1,95
15082,0,95
14133,2,37
14149,1,37
14150,2,37
14176,2,37
14205,2,37
14231,1,37
14401,1,37
14410,2,37
14431,1,37
14443,2,37
14453,1,37
14454,2,37
14477,1,37
14539,1,37
14547,1,37
12652,1,49
13255,1,49
13911,1,49
14005,1,49
14058,1,49
14086,2,49
14097,2,49
14121,1,49
14291,0,49
14376,1,49
14397,0,49
14405,2,49
14432,2,49
14440,2,49
14444,2,49
14462,0,49
14489,1,49
14510,1,49
14513,1,49
14968,8,49
10386,2,38
11004,1,38
11011,3,38
11016,1,38
11017,3,38
11024,3,38
11025,3,38
11033,3,38
11044,3,38
11051,3,38
11073,3,38
11252,2,38
11318,2,38
11325,3,38
11345,1,38
11347,1,38
11367,3,38
11368,3,38
11371,3,38
11374,1,38
11377,1,38
11380,3,38
11381,3,38
11394,3,38
11399,2,38
11401,2,38
11405,2,38
11409,3,38
11410,2,38
11412,2,38
11413,1,38
11414,1,38
11416,2,38
11417,2,38
11420,3,38
11422,1,38
11428,1,38
11430,3,38
11432,2,38
11434,1,38
11435,1,38
11486,1,38
11503,2,38
11508,2,38
13208,2,38
14662,8,38
14701,2,38
14949,2,38
11074,1,102
11468,1,102
11738,1,102
12194,2,102
12335,1,102
12347,1,102
12360,2,102
12367,2,102
12499,2,102
12500,2,102
12507,2,102
12560,1,102
12631,2,102
12665,2,102
12666,2,102
12675,1,102
12683,1,102
14420,2,102
14711,1,102
14787,8,102
10202,2,121
10558,1,121
10853,1,121
10954,1,121
11040,2,121
11271,3,121
11361,3,121
11363,3,121
11384,3,121
11427,1,121
11525,3,121
11627,3,121
11628,3,121
11647,3,121
11657,1,121
11658,1,121
11676,3,121
11744,2,121
11757,3,121
11829,2,121
11889,2,121
12112,1,121
12139,2,121
12185,2,121
12253,3,121
12261,2,121
12312,3,121
12322,2,121
12338,2,121
12341,1,121
12352,1,121
12353,3,121
12479,1,121
12509,2,121
12549,1,121
12563,1,121
12592,1,121
12599,2,121
12601,3,121
12624,2,121
12684,2,121
12753,1,121
12940,1,121
12972,1,121
12974,1,121
13433,2,121
14552,1,121
14684,1,121
10185,2,6
10255,3,6
10257,3,6
10258,3,6
10260,3,6
10927,2,6
10929,3,6
10931,3,6
10933,2,6
10934,2,6
10935,3,6
10941,3,6
10943,3,6
10946,3,6
10947,3,6
10951,3,6
10952,2,6
10972,3,6
10991,2,6
11006,1,6
11008,2,6
11010,2,6
11021,2,6
11028,2,6
11030,2,6
11032,2,6
11039,3,6
11041,2,6
11043,2,6
11046,2,6
11047,3,6
11048,3,6
11149,3,6
11239,3,6
11241,3,6
11243,3,6
11250,3,6
11265,2,6
11283,3,6
11317,1,6
11322,3,6
11329,1,6
11366,2,6
11369,1,6
11370,2,6
11375,1,6
11382,1,6
11392,2,6
11404,1,6
15061,1,6
11997,2,14
12498,0,14
13111,2,14
13119,2,14
13124,2,14
13129,0,14
13288,1,14
13289,1,14
13418,2,14
13431,3,14
13595,2,14
13602,1,14
13607,2,14
13622,1,14
13758,2,14
13782,2,14
13788,2,14
13796,2,14
13797,0,14
13802,0,14
13813,1,14
13839,2,14
13843,1,14
13855,2,14
13857,2,14
13863,2,14
13869,1,14
13873,1,14
13876,2,14
13887,2,14
13888,1,14
13893,1,14
13894,1,14
13897,2,14
13899,1,14
14926,8,14
10256,3,83
10266,4,83
10414,2,83
10741,0,83
10797,2,83
10867,2,83
10928,2,83
10959,3,83
10961,2,83
10984,3,83
11001,2,83
11015,3,83
11022,1,83
11056,3,83
11099,0,83
11115,2,83
11145,3,83
11286,0,83
11292,3,83
11379,0,83
11505,3,83
11593,0,83
11649,1,83
11667,3,83
11704,0,83
11761,0,83
11797,0,83
11909,4,83
11917,4,83
11930,0,83
11964,4,83
11972,2,83
11976,2,83
11977,3,83
11979,0,83
11981,0,83
11982,2,83
11984,4,83
11987,1,83
11989,0,83
11990,2,83
11992,4,83
11993,0,83
11994,2,83
11999,2,83
12000,4,83
12001,0,83
12003,4,83
12022,0,83
12027,3,83
12040,0,83
12047,0,83
12086,2,83
12088,0,83
12091,2,83
12094,0,83
12095,4,83
12099,0,83
12101,2,83
12102,2,83
12105,0,83
12107,4,83
12108,4,83
12118,3,83
12121,2,83
12123,0,83
12125,0,83
12129,0,83
12131,2,83
12132,2,83
12133,2,83
12136,0,83
12140,2,83
12141,3,83
12142,3,83
12144,2,83
12146,3,83
12147,3,83
12148,2,83
12150,2,83
12152,2,83
12153,0,83
12156,3,83
12157,0,83
12159,2,83
12160,3,83
12161,3,83
12162,2,83
12163,0,83
12164,2,83
12165,2,83
12167,2,83
12169,2,83
12198,3,83
12200,3,83
12208,3,83
12210,3,83
12219,3,83
12221,0,83
12222,3,83
12223,2,83
12224,2,83
12225,2,83
12226,2,83
12228,2,83
12230,3,83
12233,0,83
12234,2,83
12236,2,83
12239,2,83
12240,2,83
12241,3,83
12242,2,83
12243,2,83
12244,4,83
12247,4,83
12248,2,83
12271,3,83
12273,3,83
12276,3,83
12279,2,83
12280,3,83
12284,3,83
12285,4,83
12286,2,83
12288,2,83
12289,4,83
12290,2,83
12292,2,83
12294,3,83
12298,3,83
12315,3,83
12317,3,83
12378,3,83
12379,0,83
12409,3,83
12432,3,83
14094,1,83
14168,0,83
14355,1,83
14435,1,83
14465,1,83
14542,2,83
14548,1,83
14679,4,83
14905,8,83
14956,1,83
15146,1,83
15183,2,83
13988,1,106
13993,2,106
14008,1,106
14015,2,106
14024,2,106
14038,2,106
14039,2,106
14046,2,106
14064,2,106
14075,1,106
14327,8,106
14485,2,106
13183,1,114
13609,2,114
13717,1,114
13757,1,114
13821,1,114
13837,3,114
13858,3,114
13885,2,114
13905,1,114
13931,2,114
13935,3,114
13949,2,114
13954,3,114
13957,3,114
13958,1,114
13960,1,114
13965,2,114
13970,1,114
13971,0,114
13980,3,114
13996,1,114
14012,2,114
14032,3,114
14040,2,114
14069,1,114
14102,3,114
14107,3,114
14108,2,114
14130,3,114
14242,3,114
14252,2,114
14261,2,114
14356,3,114
14357,3,114
14380,1,114
14514,3,114
14743,1,114
14775,3,114
14842,1,114
14873,8,114
15145,2,114
15150,3,114
15159,2,114
15169,2,114
15174,3,114
10192,2,82
10194,2,82
10195,2,82
10199,1,82
10203,3,82
10214,2,82
10219,2,82
10225,1,82
10298,3,82
10299,1,82
10315,2,82
10316,3,82
10318,1,82
10322,2,82
10324,1,82
10327,2,82
10328,3,82
10329,3,82
10331,3,82
10335,2,82
10336,3,82
10338,3,82
10342,2,82
10344,2,82
10353,2,82
10362,2,82
10364,3,82
10367,3,82
10370,3,82
10371,3,82
10378,2,82
10385,2,82
10410,1,82
10418,3,82
10426,3,82
10427,2,82
10428,1,82
10431,3,82
10432,3,82
10435,1,82
10436,3,82
10437,3,82
10439,3,82
10510,3,82
10524,2,82
10544,2,82
10562,2,82
10567,2,82
10570,2,82
10571,2,82
10573,2,82
10575,3,82
10577,2,82
10599,1,82
10610,3,82
10619,3,82
10622,3,82
10625,2,82
10626,3,82
10631,2,82
10633,2,82
10635,3,82
10638,1,82
10639,2,82
10648,2,82
10649,2,82
10650,1,82
10652,2,82
10654,1,82
10662,1,82
10663,2,82
14095,1,82
14278,1,82
14865,8,82
11150,3,76
13128,2,76
13270,3,76
13376,2,76
13451,1,76
13492,1,76
13515,3,76
13777,2,76
13810,3,76
13814,2,76
13827,3,76
13856,3,76
13862,2,76
13870,3,76
13871,2,76
14096,1,76
15162,1,76
13092,2,116
13114,1,116
13243,1,116
13369,1,116
13744,2,116
13748,2,116
13818,1,116
13854,2,116
14179,2,116
14197,0,116
11585,3,18
11643,3,18
11784,2,18
11798,3,18
11801,3,18
11805,2,18
11815,1,18
11857,1,18
11868,2,18
11880,2,18
11883,1,18
12008,2,18
12009,3,18
12032,2,18
12036,1,18
14856,0,18
15059,1,18
10275,3,32
10554,4,32
10640,3,32
10700,2,32
10910,1,32
10923,4,32
10962,2,32
10974,2,32
10979,4,32
10983,3,32
10987,3,32
10992,4,32
11063,2,32
11068,4,32
11070,4,32
11075,2,32
11081,4,32
11082,2,32
11088,3,32
11091,3,32
11100,2,32
11105,2,32
11117,2,32
11127,1,32
11139,3,32
11143,3,32
11154,4,32
11158,4,32
11165,3,32
11168,2,32
11175,1,32
11251,1,32
11263,4,32
11290,2,32
11293,1,32
14785,8,32
14792,2,32
10210,3,34
10918,2,34
11864,1,34
11969,2,34
12073,3,34
12074,3,34
12113,2,34
12135,2,34
12168,3,34
12278,3,34
12329,2,34
12351,3,34
12418,2,34
12419,3,34
12466,2,34
12476,3,34
12497,2,34
12527,3,34
12530,3,34
12582,3,34
12608,2,34
12612,2,34
12627,2,34
12635,3,34
12637,2,34
12655,2,34
12661,3,34
12785,3,34
12829,1,34
12850,2,34
12903,2,34
12945,1,34
12950,2,34
12954,3,34
12963,3,34
12973,3,34
12998,3,34
13005,1,34
13006,2,34
13013,3,34
13016,2,34
13018,2,34
13060,3,34
13078,1,34
13143,3,34
13168,1,34
13172,3,34
13809,2,34
14140,3,34
14218,1,34
15050,1,34
10186,0,89
10216,1,89
10241,1,89
10301,0,89
10306,2,89
10325,2,89
10354,1,89
10387,0,89
10393,1,89
10425,1,89
10440,1,89
10462,0,89
10483,3,89
10507,2,89
10527,2,89
10553,1,89
10576,1,89
10578,2,89
10607,2,89
10615,0,89
10617,1,89
10620,1,89
10627,1,89
10629,1,89
10665,1,89
10682,3,89
10689,0,89
10720,2,89
10755,3,89
10756,2,89
10773,2,89
10776,2,89
10790,0,89
10800,2,89
10801,0,89
10803,3,89
10809,1,89
10812,2,89
10814,2,89
14123,1,89
14350,1,89
13059,2,1
13117,2,1
13121,1,1
13125,1,1
13300,1,1
13304,2,1
13322,2,1
13344,0,1
13357,1,1
13377,1,1
13399,1,1
13422,2,1
13423,1,1
13424,3,1
13425,2,1
13426,3,1
13442,1,1
13457,1,1
13458,1,1
13499,2,1
13573,2,1
13605,1,1
13615,1,1
13689,1,1
13963,2,1
14845,2,1
14996,8,1
15087,1,1
10885,1,123
13298,2,123
13324,1,123
13392,0,123
13404,1,123
13889,0,123
14091,1,123
14516,2,123
15192,2,123
10616,2,57
13106,2,57
13212,2,57
13285,2,57
13287,0,57
13393,3,57
13428,3,57
14751,2,57
14753,2,57
11731,2,69
11881,1,69
12174,1,69
12202,0,69
12275,1,69
12303,2,69
12332,2,69
12477,2,69
12528,1,69
12543,2,69
12590,2,69
12663,1,69
14152,1,69
14752,2,69
14937,8,69
10366,2,109
10614,2,109
10864,2,109
11635,2,109
11663,2,109
12664,3,109
12690,2,109
12738,3,109
12747,3,109
12760,3,109
12761,3,109
12762,2,109
12766,3,109
12775,3,109
12778,3,109
12779,3,109
12835,3,109
12838,1,109
12844,3,109
12845,1,109
12848,3,109
12861,2,109
12863,2,109
12869,2,109
12870,2,109
12873,2,109
12879,2,109
12880,3,109
12882,3,109
12883,3,109
12888,1,109
12900,2,109
12912,1,109
12915,1,109
12966,2,109
12978,2,109
12999,2,109
13033,3,109
13056,2,109
13062,3,109
13066,2,109
13067,2,109
13068,3,109
13100,1,109
13103,1,109
13195,1,109
13197,2,109
13239,2,109
14739,1,109
11646,2,20
12758,1,20
13273,1,20
13564,1,20
13912,1,20
13947,1,20
13950,2,20
14027,0,20
14035,0,20
14037,2,20
14053,1,20
14414,0,20
14425,8,20
10852,1,9
10860,3,9
11449,1,9
11563,1,9
11681,2,9
11709,3,9
11823,2,9
12067,3,9
12180,3,9
12214,2,9
12272,1,9
12307,1,9
12308,3,9
12311,1,9
12363,2,9
12369,2,9
12373,1,9
12380,2,9
12384,2,9
12386,1,9
12387,1,9
12389,2,9
12391,1,9
12392,1,9
12403,2,9
12411,2,9
12422,1,9
12424,2,9
12426,1,9
12429,1,9
12446,2,9
12475,3,9
12484,3,9
12544,2,9
12545,2,9
12578,1,9
12583,2,9
12603,1,9
12604,3,9
12610,3,9
12615,3,9
12619,2,9
12634,3,9
12644,3,9
12648,3,9
12656,3,9
12657,2,9
14488,8,9
14686,1,9
14742,1,9
11683,4,90
11685,3,90
11790,4,90
11820,0,90
11845,3,90
11865,4,90
11876,1,90
11885,2,90
11913,4,90
11933,4,90
11935,3,90
11936,2,90
11942,0,90
11954,2,90
11956,0,90
11961,1,90
11965,4,90
11967,1,90
11970,4,90
11971,2,90
11973,1,90
11978,3,90
11985,4,90
11986,3,90
11988,4,90
11996,1,90
12044,0,90
12046,1,90
12056,1,90
12060,2,90
12066,1,90
12087,2,90
12089,1,90
12090,1,90
12093,3,90
12096,1,90
12098,1,90
12104,0,90
12106,4,90
12114,1,90
12115,4,90
12116,4,90
12126,1,90
12127,4,90
12134,1,90
12151,1,90
12197,1,90
12213,1,90
12232,1,90
12299,1,90
12376,1,90
12421,1,90
12431,1,90
14084,1,90
14476,1,90
14895,8,90
10198,1,81
10204,2,81
10205,2,81
10312,1,81
10320,2,81
10334,0,81
10356,2,81
10380,0,81
10399,1,81
10407,2,81
10473,2,81
10493,1,81
10526,1,81
10528,1,81
10529,1,81
10537,2,81
14142,1,81
11156,1,22
11509,2,22
11673,3,22
11713,2,22
11765,2,22
11781,2,22
11783,3,22
11795,3,22
11796,1,22
11803,3,22
11806,2,22
11807,1,22
11812,1,22
11818,1,22
11819,1,22
11822,2,22
11826,2,22
11827,2,22
11839,2,22
11844,2,22
11848,2,22
11850,2,22
11874,1,22
11878,1,22
11879,3,22
11886,2,22
11888,3,22
11904,2,22
11905,3,22
11906,1,22
11907,3,22
11910,2,22
11912,3,22
11914,1,22
11915,2,22
11918,3,22
11919,1,22
11920,1,22
11921,2,22
11934,3,22
11949,3,22
11952,3,22
12005,1,22
12012,2,22
12013,2,22
12014,1,22
12016,1,22
12017,3,22
12018,1,22
12019,3,22
12020,3,22
12028,1,22
12030,1,22
12033,3,22
14481,1,22
14664,8,22
14696,1,22
10196,3,72
10217,2,72
10308,3,72
10317,3,72
10319,3,72
10352,3,72
10363,1,72
10374,3,72
10376,3,72
10389,1,72
10406,3,72
10413,3,72
10424,3,72
10434,1,72
10572,2,72
10580,1,72
10582,2,72
10605,2,72
10644,0,72
10653,0,72
10655,2,72
10664,1,72
14298,1,72
14333,1,72
14897,8,72
10415,2,2
12443,2,2
12470,1,2
12480,1,2
12481,0,2
12482,1,2
12491,2,2
12495,2,2
12521,2,2
12540,1,2
12566,2,2
12567,1,2
12569,1,2
12573,2,2
12575,2,2
12586,1,2
12587,1,2
12593,2,2
14055,2,2
14525,8,2
14993,2,2
15075,1,2
11113,1,58
11254,0,58
11267,2,58
11269,2,58
11504,2,58
11529,1,58
11554,2,58
11623,2,58
11660,1,58
11674,1,58
11739,1,58
11746,1,58
11748,1,58
14070,2,58
14074,0,58
14668,8,58
10273,3,105
10866,2,105
10919,1,105
10970,0,105
10986,1,105
11013,0,105
11077,3,105
11102,2,105
11108,2,105
11109,1,105
11119,3,105
11122,1,105
11132,3,105
11238,1,105
11298,2,105
11302,1,105
13714,2,105
14078,2,105
14734,8,105
15188,1,105
14092,1,23
14126,1,23
14155,1,23
14270,0,23
14670,2,23
14757,0,23
14760,2,23
14898,8,23
15156,2,23
15157,2,23
10601,2,61
11863,3,61
11867,1,61
12130,2,61
12394,2,61
12570,3,61
12595,3,61
12698,3,61
12699,1,61
12750,3,61
12856,3,61
12858,3,61
12872,3,61
12887,3,61
12898,2,61
12906,2,61
12923,2,61
12955,2,61
13000,3,61
13031,2,61
13105,3,61
13109,2,61
13131,3,61
13165,3,61
13166,2,61
13167,3,61
13169,2,61
13177,2,61
13178,2,61
13179,2,61
13180,2,61
13184,3,61
13196,2,61
13224,3,61
13230,1,61
13320,1,61
13340,3,61
13349,2,61
13474,3,61
13475,3,61
13479,3,61
13532,2,61
13612,3,61
13731,1,61
14852,1,61
15093,8,61
12996,1,98
13162,2,98
13176,3,98
13198,2,98
13259,1,98
13327,3,98
13354,0,98
13381,4,98
13395,1,98
13403,4,98
13461,2,98
13464,3,98
13513,4,98
13518,2,98
13565,3,98
13568,3,98
13570,4,98
13575,4,98
13585,4,98
13589,1,98
13620,2,98
13621,3,98
13633,2,98
13634,4,98
13651,1,98
13661,3,98
13674,4,98
14517,2,98
14958,2,98
15055,1,98
15074,4,98
10822,0,3
12581,0,3
12660,1,3
13036,2,3
13093,1,3
13147,0,3
13314,1,3
13387,2,3
13405,0,3
13412,1,3
13463,0,3
13756,0,3
13917,2,3
13926,0,3
13929,2,3
13945,0,3
13978,0,3
14081,1,3
14456,1,3
14695,8,3
13309,1,78
13514,1,78
13587,1,78
13794,1,78
13907,1,78
14683,1,78
14691,8,78
15081,1,78
11679,1,51
12368,2,51
12398,3,51
12502,2,51
12618,2,51
12645,2,51
12676,3,51
12691,1,51
12705,2,51
12757,2,51
12782,2,51
12784,3,51
12832,0,51
12864,0,51
12910,1,51
12939,1,51
12976,1,51
12977,1,51
12980,1,51
12985,0,51
12995,2,51
13026,1,51
13028,1,51
13029,1,51
13030,2,51
14692,2,51
14737,2,51
14947,8,51
10849,2,15
11925,0,15
12523,2,15
12554,3,15
12671,3,15
12723,3,15
12774,3,15
12855,0,15
13073,2,15
13137,1,15
13161,0,15
13237,2,15
13249,2,15
13254,3,15
13352,2,15
13481,1,15
13533,3,15
15045,1,15
14077,1,108
14099,2,108
14139,1,108
14145,2,108
14171,1,108
14223,1,108
14250,1,108
14271,1,108
14395,2,108
14464,1,108
14889,8,108
15185,2,108
13280,2,92
13801,2,92
13901,2,92
13938,2,92
13939,2,92
13966,2,92
13974,2,92
14006,2,92
14009,2,92
14105,1,92
14135,0,92
14138,0,92
14170,0,92
14173,1,92
14174,1,92
14208,1,92
14210,1,92
14347,1,92
14361,2,92
14371,2,92
14374,1,92
14377,2,92
14382,1,92
14383,1,92
14394,0,92
14399,1,92
14415,0,92
14422,0,92
14436,0,92
14439,1,92
14499,1,92
14700,1,92
14890,8,92
10348,2,113
10545,1,113
10579,2,113
11258,2,113
11419,2,113
11726,2,113
12173,2,113
12217,0,113
12489,2,113
12759,1,113
12767,2,113
12847,0,113
12852,2,113
12854,1,113
12875,0,113
12876,1,113
12889,1,113
12902,2,113
12918,1,113
12919,1,113
12925,2,113
13017,1,113
13027,2,113
13043,2,113
13049,2,113
13065,1,113
13086,1,113
13091,2,113
13315,2,113
14854,1,113
10999,3,50
11853,3,50
12190,3,50
12207,2,50
12245,2,50
12251,1,50
12257,1,50
12277,2,50
12296,3,50
12297,3,50
12324,3,50
12435,0,50
12442,2,50
12447,1,50
12468,3,50
12487,1,50
12551,3,50
12558,0,50
12568,3,50
12625,3,50
12628,3,50
12643,3,50
12670,1,50
12678,3,50
12681,2,50
12692,2,50
12696,1,50
12703,3,50
12711,3,50
12715,2,50
12717,0,50
12719,2,50
12728,3,50
12729,3,50
12732,3,50
12741,2,50
12743,3,50
12744,3,50
12752,3,50
12770,1,50
12795,2,50
12797,1,50
12805,2,50
12810,2,50
12818,3,50
12828,3,50
12833,0,50
12836,3,50
12851,0,50
12866,1,50
12930,0,50
12952,3,50
12956,1,50
12958,1,50
12964,2,50
12970,1,50
12975,3,50
12982,1,50
12984,2,50
12986,1,50
12987,1,50
12990,1,50
12993,1,50
13008,2,50
13014,2,50
13015,1,50
13019,1,50
13020,2,50
13022,1,50
14529,1,50
14540,2,50
15186,3,50
10824,3,8
11470,3,8
11487,3,8
11557,1,8
11624,1,8
11630,3,8
11656,2,8
11711,1,8
11718,3,8
11772,3,8
11800,3,8
11811,1,8
11830,1,8
11842,1,8
11860,2,8
11884,3,8
11902,2,8
11908,2,8
12031,2,8
12037,1,8
12079,2,8
12122,3,8
12143,3,8
12204,1,8
12205,2,8
12283,2,8
12301,1,8
12304,1,8
12309,1,8
12316,1,8
12318,2,8
12319,2,8
12320,1,8
12323,3,8
12381,1,8
12404,1,8
12430,2,8
12434,1,8
14111,2,8
14299,2,8
14928,8,8
12203,1,39
12333,1,39
12336,0,39
12337,1,39
12339,1,39
12340,2,39
12362,1,39
12366,0,39
12420,1,39
12452,1,39
12503,2,39
12506,2,39
12517,2,39
12524,2,39
12552,2,39
12556,0,39
12559,0,39
12561,0,39
12564,1,39
12622,0,39
12639,2,39
12641,1,39
12646,2,39
12654,2,39
12686,0,39
12809,2,39
14515,1,39
14550,1,39
14676,8,39
11066,2,33
11237,2,33
11244,2,33
11278,2,33
11285,2,33
11312,2,33
11342,2,33
11364,2,33
11437,2,33
11488,2,33
11506,2,33
11532,2,33
11537,2,33
11538,2,33
11540,1,33
11596,2,33
11599,1,33
11600,2,33
11606,2,33
11617,2,33
11625,2,33
11694,2,33
11732,3,33
11740,2,33
13205,1,33
13476,1,33
14162,1,33
14999,8,33
15049,1,33
10823,2,56
11003,2,56
11071,2,56
11224,1,56
11246,2,56
11256,1,56
11530,1,56
11533,1,56
11539,1,56
11597,1,56
11603,2,56
11605,2,56
11612,2,56
11618,2,56
11626,2,56
11631,2,56
11638,2,56
11668,2,56
11719,2,56
11721,1,56
11736,2,56
11756,1,56
11759,1,56
11778,2,56
11779,2,56
11891,1,56
11901,1,56
14290,1,56
14537,1,56
14882,8,56
10201,2,44
10847,1,44
11125,2,44
11226,3,44
11229,2,44
11245,3,44
11249,2,44
11334,2,44
11439,2,44
11442,2,44
11450,0,44
11501,2,44
11543,2,44
11584,2,44
11586,0,44
11602,2,44
11607,2,44
11619,2,44
11620,2,44
11650,1,44
11653,3,44
11693,1,44
11696,2,44
11710,1,44
11714,1,44
11724,1,44
11727,1,44
11745,2,44
11752,1,44
11754,1,44
11763,0,44
11777,3,44
11838,1,44
11890,2,44
14230,2,44
14354,1,44
14669,1,44
14887,8,44
10267,2,26
10525,3,26
10838,3,26
10875,2,26
10883,3,26
10930,1,26
10948,2,26
10982,2,26
11005,1,26
11007,2,26
11093,2,26
11296,3,26
11304,1,26
11319,2,26
11335,2,26
11348,2,26
11362,2,26
11393,1,26
11398,3,26
11400,3,26
11407,3,26
11411,3,26
11415,3,26
11421,3,26
11423,3,26
11425,3,26
11429,3,26
11431,3,26
11483,1,26
11484,2,26
11500,1,26
11518,2,26
11523,1,26
11528,1,26
11548,2,26
11549,3,26
11551,1,26
11555,1,26
11570,2,26
11571,1,26
11574,2,26
11576,3,26
11579,1,26
13848,1,26
14680,1,26
14904,8,26
15165,2,26
15191,1,26
15196,1,26
10243,1,94
10261,3,94
10854,2,94
10876,2,94
10886,2,94
10939,2,94
10950,3,94
10964,2,94
10971,1,94
10995,1,94
11002,3,94
11019,2,94
11020,3,94
11045,2,94
11054,3,94
11086,3,94
11094,2,94
11231,2,94
11232,2,94
11233,2,94
11235,2,94
11297,3,94
11308,1,94
11309,2,94
11328,3,94
11338,2,94
11339,2,94
11402,2,94
11403,2,94
11408,1,94
11424,2,94
11433,2,94
11438,3,94
11446,3,94
11452,2,94
11453,2,94
11458,1,94
11459,2,94
11465,2,94
11476,3,94
11479,3,94
11495,2,94
11524,3,94
11556,3,94
11565,1,94
11573,3,94
13838,2,94
14314,2,94
14546,1,94
14793,1,94
10247,1,110
10249,1,110
10288,2,110
10332,2,110
10563,1,110
10591,2,110
10604,2,110
10671,1,110
10684,2,110
10694,2,110
10695,1,110
10699,1,110
10717,2,110
10764,1,110
10769,1,110
10770,1,110
10772,2,110
10778,1,110
10791,1,110
10792,1,110
10798,0,110
10802,1,110
10804,1,110
10834,2,110
10868,1,110
10896,2,110
10902,2,110
10908,0,110
10916,1,110
14268,2,110
14840,1,110
12092,1,87
12917,1,87
13283,1,87
13291,1,87
13701,1,87
13793,1,87
13805,1,87
13916,1,87
13922,1,87
13923,1,87
13925,1,87
13932,1,87
13946,1,87
13975,1,87
14289,1,87
14085,2,7
14112,1,7
14120,2,7
14125,1,7
14128,1,7
14131,2,7
14136,2,7
14151,2,7
14157,1,7
14187,2,7
14199,1,7
14212,1,7
14232,1,7
14241,1,7
14243,1,7
14265,1,7
14272,1,7
14284,1,7
14335,1,7
14339,2,7
14353,1,7
14373,2,7
14375,1,7
14378,1,7
14379,2,7
14386,2,7
14387,2,7
14389,1,7
14391,1,7
14392,2,7
14393,2,7
14396,2,7
14398,2,7
14402,2,7
14407,1,7
14423,2,7
14437,1,7
14445,2,7
14449,1,7
14455,1,7
14463,1,7
14470,2,7
14518,1,7
14749,1,7
14891,8,7
10283,3,100
11062,2,100
11766,2,100
11882,1,100
11974,3,100
12909,1,100
13039,1,100
13390,2,100
13420,2,100
13682,3,100
13711,2,100
13733,3,100
13739,3,100
13740,2,100
13752,3,100
13760,2,100
13762,1,100
13765,3,100
13829,3,100
13842,2,100
14256,1,100
14320,2,100
14332,1,100
14784,8,100
15173,1,100
10732,0,101
11274,2,101
11478,1,101
11516,2,101
11545,0,101
11610,1,101
11640,1,101
11654,1,101
11671,1,101
11680,1,101
11708,2,101
11715,0,101
11720,1,101
11729,2,101
11749,2,101
11760,2,101
11787,1,101
11895,2,101
14054,2,101
14409,8,101
14698,2,101
15056,1,101
10677,0,99
10793,2,99
11061,0,99
11255,2,99
11544,0,99
11675,1,99
12281,2,99
12427,0,99
12537,0,99
12577,0,99
12607,2,99
12620,2,99
12746,0,99
12793,2,99
12796,2,99
12857,2,99
12860,1,99
12878,2,99
12895,1,99
12901,1,99
12904,0,99
12905,1,99
12907,1,99
12935,2,99
12965,0,99
12967,2,99
12971,0,99
12991,1,99
13003,0,99
13004,0,99
13024,0,99
13025,0,99
13032,0,99
13034,1,99
13040,2,99
13042,2,99
13046,1,99
13047,1,99
13048,2,99
13076,1,99
13077,1,99
13079,2,99
13081,1,99
13083,2,99
13087,1,99
13090,2,99
13133,2,99
13134,2,99
13138,1,99
13201,1,99
13234,1,99
13253,1,99
14129,2,99
14521,1,99
14843,1,99
14871,8,99
